SectorWanted,Year,Value,Growth,Cumulative
Agriculture,1950,145052.0,,0.0
Agriculture,1951,147216.0,0.014918787745084521,0.014918787745084483
Agriculture,1952,151859.0,0.03153869144658189,0.04692799823511562
Agriculture,1953,163553.0,0.07700564339288418,0.127547362325235
Agriculture,1954,168361.0,0.029397198461660747,0.16069409591043216
Agriculture,1955,166906.0,-0.008642143964457326,0.15066321043487862
Agriculture,1956,175980.0,0.05436593052376787,0.21322008658963676
Agriculture,1957,168075.0,-0.044919877258779405,0.15872238921214454
Agriculture,1958,185010.0,0.10075858991521643,0.2754736232523507
Agriculture,1959,183147.0,-0.010069725960758879,0.26262995339602346
Agriculture,1960,195482.0,0.06735027054770212,0.34766842235887796
Agriculture,1961,195647.0,0.0008440674844742738,0.34880594545404375
Agriculture,1962,191755.0,-0.019892970502997747,0.32197418856685855
Agriculture,1963,196241.0,0.023394435607937213,0.35290102859664096
Agriculture,1964,214343.0,0.09224372073114182,0.4776976532553838
Agriculture,1965,190675.0,-0.11042114741325819,0.3145285828530455
Agriculture,1966,187962.0,-0.014228399108430576,0.29582494553677274
Agriculture,1967,215914.0,0.14871090965195094,0.48852825193723604
Agriculture,1968,215572.0,-0.0015839639856609577,0.4861704767945285
Agriculture,1969,229428.0,0.0642755088787041,0.5816948404710032
Agriculture,1970,245699.0,0.07091985285143923,0.6938684058130873
Agriculture,1971,241087.0,-0.018770935168641305,0.6620729117833601
Agriculture,1972,228988.0,-0.050185202852082444,0.578661445550561
Agriculture,1973,245479.0,0.07201687424668542,0.6923517083528663
Agriculture,1974,241740.0,-0.01523144545969309,0.6665747456084712
Agriculture,1975,272899.0,0.12889468023496317,0.8813873645313401
Agriculture,1976,257131.0,-0.0577796181004694,0.7726815211096707
Agriculture,1977,282937.0,0.10036129443746573,0.9505901331936129
Agriculture,1978,289452.0,0.023026327415643765,0.995505060254253
Agriculture,1979,252475.0,-0.12774829678150437,0.7405826875878989
Agriculture,1980,285015.0,0.12888404792553718,0.9649160301133379
Agriculture,1981,298130.0,0.04601512201112222,1.0553318809806131
Agriculture,1982,297293.0,-0.002807500083856036,1.049561536552408
Agriculture,1983,327382.0,0.10120991748880734,1.2569974905551105
Agriculture,1984,332571.0,0.015849985643682302,1.292770868378236
Agriculture,1985,333616.0,0.0031421861797931872,1.2999751813142861
Agriculture,1986,332250.0,-0.004094527840391348,1.2905578689021855
Agriculture,1987,326975.0,-0.01587659894657637,1.254191600253701
Agriculture,1988,378113.0,0.15639727807936388,1.6067410308027452
Agriculture,1989,382609.0,0.01189062528926538,1.6377368116261741
Agriculture,1990,397971.0,0.04015064988016487,1.7436436588257993
Agriculture,1991,390201.0,-0.019524035670940847,1.6900766621625336
Agriculture,1992,416153.0,0.06650931186747343,1.8689918098337133
Agriculture,1993,429981.0,0.033228163680184934,1.9643231392879779
Agriculture,1994,450258.0,0.04715789767454841,2.104114386564816
Agriculture,1995,447127.0,-0.006953790937640198,2.082529024074123
Agriculture,1996,491484.0,0.09920447658047937,2.3883297024515326
Agriculture,1997,478933.0,-0.025536945251523956,2.3018021123459156
Agriculture,1998,509203.0,0.06320299499094863,2.5104858947136184
Agriculture,1999,522795.0,0.02669269426927964,2.604190221437827
Agriculture,2000,522755.0,-7.651182585908434e-05,2.6039144582632416
Agriculture,2001,554157.0,0.060070204971736284,2.8204023384717187
Agriculture,2002,517559.0,-0.06604265578166477,2.5680928218845636
Agriculture,2003,564391.0,0.09048630204479102,2.8909563466894608
Agriculture,2004,565426.0,0.0018338350540671273,2.898091718831865
Agriculture,2005,594487.0,0.0513966460686279,3.0984405592477158
Agriculture,2006,619190.0,0.041553473835424494,3.2687450017924577
Agriculture,2007,655080.0,0.05796282239700253,3.5161735101894465
Agriculture,2008,655689.0,0.000929657446418758,3.520372004522513
Agriculture,2009,660987.0,0.008080050145724573,3.5568968369963843
Agriculture,2010,713477.0,0.079411546671871,3.918767062846424
Agriculture,2011,1501947.0,1.1051092046414952,9.35454181948542
Agriculture,2012,1524288.0,0.014874692648941673,9.508562446570878
Agriculture,2013,1609198.0,0.05570469622538523,10.0939387254226
Agriculture,2014,1605715.0,-0.0021644322202737016,10.069926646995553
Agriculture,2015,1616146.0,0.0064961714874682,10.141838788848132
Agriculture,2016,1726004.0,0.06797529431128128,10.899208559688933
Agriculture,2017,1840023.0,0.06605952245765363,11.685264594766009
Agriculture,2018,1878598.0,0.020964411857895254,11.951203706257061
Agriculture,2019,1994326.0,0.06160338720684255,12.749041722968308
Agriculture,2020,2074212.0,0.0400566406896365,13.29978214709207
Agriculture,2021,2170106.0,0.04623153274592954,13.960882993685015
Agriculture,2022,2272250.0,0.04706866853508538,14.665071836306971
Construction,1950,14251.0,,0.0
Construction,1951,15225.0,0.06834608097677355,0.06834608097677353
Construction,1952,14121.0,-0.07251231527093596,-0.009122166865483172
Construction,1953,14557.0,0.030876000283266057,0.02147217739106022
Construction,1954,16358.0,0.12372054681596482,0.14784927373517642
Construction,1955,19456.0,0.1893874556791784,0.36523752719107416
Construction,1956,21693.0,0.11497738486842106,0.5222089677917336
Construction,1957,19040.0,-0.122297515327525,0.3360465932215282
Construction,1958,21277.0,0.11748949579831933,0.4930180338221877
Construction,1959,22736.0,0.06857169713775438,0.5953968142586481
Construction,1960,26295.0,0.15653589021815623,0.8451336748298359
Construction,1961,27219.0,0.035139760410724474,0.9099712300891158
Construction,1962,28233.0,0.03725338917667806,0.981124131639884
Construction,1963,31680.0,0.12209116990755499,1.2230018946038865
Construction,1964,34225.0,0.08033459595959595,1.4015858536243062
Construction,1965,36509.0,0.06673484295105916,1.56185530839941
Construction,1966,39510.0,0.08219890985784327,1.7724370219633703
Construction,1967,42352.0,0.07193115666919767,1.971861623745701
Construction,1968,43834.0,0.034992444276539476,2.0758543260122084
Construction,1969,45196.0,0.0310717707715472,2.171426566556731
Construction,1970,45096.0,-0.0022125851845296043,2.164409515121744
Construction,1971,45293.0,0.00436845839985808,2.178233106448668
Construction,1972,46357.0,0.02349148875102113,2.25289453371693
Construction,1973,43345.0,-0.06497400608322368,2.041540944495121
Construction,1974,41966.0,-0.03181451147767909,1.9447758052066502
Construction,1975,47948.0,0.14254396416146403,2.3645358220475736
Construction,1976,52638.0,0.0978142988237257,2.693635534348464
Construction,1977,57965.0,0.10120065352027052,3.067433864290222
Construction,1978,56672.0,-0.02230656430604675,2.97670338923584
Construction,1979,53681.0,-0.05277738565782044,2.766823380815379
Construction,1980,60757.0,0.13181572623460816,3.2633499403550603
Construction,1981,64084.0,0.05475912240564873,3.496807241597078
Construction,1982,59584.0,-0.07022033580925036,3.1810399270226624
Construction,1983,62802.0,0.0540077873254565,3.4068486422005444
Construction,1984,64976.0,0.034616731951211746,3.559399340397163
Construction,1985,68654.0,0.05660551588278749,3.817486492175985
Construction,1986,70296.0,0.0239170332391412,3.9327064767384714
Construction,1987,74325.0,0.057314783202458176,4.215423479054098
Construction,1988,79551.0,0.07031281533804239,4.582134587046519
Construction,1989,85147.0,0.07034481024751417,4.974808785348392
Construction,1990,95184.0,0.1178784924894594,5.679110237878038
Construction,1991,97144.0,0.02059169608337536,5.816644446003783
Construction,1992,100526.0,0.03481429630239644,6.053961125535045
Construction,1993,101099.0,0.005700017905815411,6.094168830257519
Construction,1994,106539.0,0.05380864301328401,6.475896428320813
Construction,1995,112911.0,0.0598090839974094,6.923022945758186
Construction,1996,115027.0,0.018740423873670413,7.07150375412251
Construction,1997,127073.0,0.10472323889173846,7.916777769981046
Construction,1998,135048.0,0.06275920140391743,8.476387621921258
Construction,1999,146380.0,0.0839109057520289,9.271559890533986
Construction,2000,155378.0,0.06147014619483536,9.902954178654117
Construction,2001,161574.0,0.03987694525608516,10.337730685565912
Construction,2002,174959.0,0.08284129872380457,11.276963020138924
Construction,2003,196708.0,0.12430912385187387,12.803101536734248
Construction,2004,228855.0,0.16342497508998108,15.058873061539522
Construction,2005,258129.0,0.12791505538441372,17.11304469861762
Construction,2006,284806.0,0.10334755103068621,18.98498350992911
Construction,2007,315495.0,0.10775405012534849,21.138446424812273
Construction,2008,332329.0,0.05335742246311352,22.319696863377985
Construction,2009,354436.0,0.06652142906577518,23.870956424110563
Construction,2010,390692.0,0.10229209222539472,26.415058592379452
Construction,2011,777335.0,0.989636337575379,53.545996772156286
Construction,2012,780050.0,0.003492702631426605,53.73650971861618
Construction,2013,800771.0,0.02656368181526825,55.19051294645985
Construction,2014,835229.0,0.04303102884594972,57.60844852992767
Construction,2015,865335.0,0.03604520436910117,59.72100203494485
Construction,2016,916445.0,0.05906383077074197,63.307417023366725
Construction,2017,964306.0,0.052224628864798214,66.66584801066587
Construction,2018,1026789.0,0.0647958220730764,71.05031225878881
Construction,2019,1043429.0,0.01620586118472247,72.21794961757064
Construction,2020,995371.0,-0.046057757643308744,68.84569503894458
Construction,2021,1193532.0,0.199082553138478,82.75075433302919
Construction,2022,1306256.0,0.09444572914676774,90.66065539260396
Electricity,1950,791.0,,0.0
Electricity,1951,883.0,0.11630847029077118,0.1163084702907713
Electricity,1952,923.0,0.045300113250283124,0.16687737041719353
Electricity,1953,996.0,0.0790899241603467,0.2591656131479141
Electricity,1954,1082.0,0.08634538152610442,0.36788874841972197
Electricity,1955,1202.0,0.11090573012939002,0.5195954487989889
Electricity,1956,1312.0,0.09151414309484193,0.65865992414665
Electricity,1957,1513.0,0.15320121951219512,0.9127686472819221
Electricity,1958,1706.0,0.12756113681427628,1.1567635903919098
Electricity,1959,1966.0,0.15240328253223914,1.4854614412136549
Electricity,1960,2127.0,0.08189216683621567,1.6890012642225045
Electricity,1961,2431.0,0.14292430653502586,2.073324905183314
Electricity,1962,2730.0,0.12299465240641712,2.451327433628321
Electricity,1963,3227.0,0.18205128205128204,3.079646017699118
Electricity,1964,3523.0,0.0917260613572978,3.453855878634643
Electricity,1965,3892.0,0.1047402781720125,3.920353982300889
Electricity,1966,4232.0,0.08735868448098665,4.350189633375479
Electricity,1967,4700.0,0.11058601134215501,4.9418457648546195
Electricity,1968,5305.0,0.12872340425531914,5.706700379266756
Electricity,1969,5782.0,0.08991517436380773,6.309734513274343
Electricity,1970,6141.0,0.06208924247665168,6.763590391908983
Electricity,1971,6640.0,0.08125712424686533,7.394437420986101
Electricity,1972,6947.0,0.04623493975903614,7.7825537294563905
Electricity,1973,7102.0,0.022311789261551748,7.978508217446276
Electricity,1974,7424.0,0.045339341030695576,8.385587863463975
Electricity,1975,8498.0,0.14466594827586207,9.743362831858414
Electricity,1976,9474.0,0.1148505530713109,10.977243994943118
Electricity,1977,9926.0,0.04770952079375132,11.548672566371689
Electricity,1978,11058.0,0.11404392504533548,12.979772439949441
Electricity,1979,11194.0,0.012298788207632484,13.151706700379275
Electricity,1980,11838.0,0.057530820082186886,13.965865992414674
Electricity,1981,12960.0,0.09477952356817029,15.384323640960819
Electricity,1982,13813.0,0.0658179012345679,16.462705436156774
Electricity,1983,14767.0,0.06906537319916022,17.668773704171944
Electricity,1984,16368.0,0.10841741721405837,19.692793931731995
Electricity,1985,17667.0,0.07936217008797654,21.335018963337557
Electricity,1986,19489.0,0.10313012962019584,23.63843236409609
Electricity,1987,21001.0,0.07758222587100416,25.549936788874852
Electricity,1988,23038.0,0.09699538117232513,28.12515802781291
Electricity,1989,25281.0,0.09736088202100877,30.960809102402038
Electricity,1990,26971.0,0.0668486214944029,33.09734513274338
Electricity,1991,29587.0,0.09699306662711801,36.404551201011394
Electricity,1992,31640.0,0.06938858282353737,39.00000000000002
Electricity,1993,34013.0,0.075,42.00000000000002
Electricity,1994,37203.0,0.09378766942051568,46.0328697850822
Electricity,1995,39731.0,0.06795150928688547,49.228824273072085
Electricity,1996,41893.0,0.05441594724522413,51.96207332490521
Electricity,1997,45127.0,0.07719666770104791,56.05056890012645
Electricity,1998,48300.0,0.07031267312252089,60.0619469026549
Electricity,1999,50891.0,0.053643892339544516,63.33754740834391
Electricity,2000,52030.0,0.022381167593484113,64.77749683944378
Electricity,2001,52990.0,0.01845089371516433,65.99115044247793
Electricity,2002,55503.0,0.047424042272126814,69.1681415929204
Electricity,2003,58062.0,0.04610561591265337,72.40328697850828
Electricity,2004,62675.0,0.07944955392511453,78.23514538558793
Electricity,2005,67123.0,0.07096928599920223,83.85840707964608
Electricity,2006,73362.0,0.09294876569879178,91.7458912768648
Electricity,2007,79430.0,0.08271312123442655,99.41719342604306
Electricity,2008,83050.0,0.045574719879138866,103.99367888748428
Electricity,2009,88218.0,0.06222757375075256,110.52718078381804
Electricity,2010,92773.0,0.05163345349021742,116.28571428571438
Electricity,2011,186668.0,1.012094035980296,234.9898862199749
Electricity,2012,191635.0,0.02660873850901065,241.26927939317335
Electricity,2013,199601.0,0.04156860698724137,251.34007585335036
Electricity,2014,214047.0,0.07237438690186923,269.60303413400777
Electricity,2015,224158.0,0.04723728900662004,282.38558786346414
Electricity,2016,246496.0,0.0996529233843985,310.6257901390647
Electricity,2017,272650.0,0.10610314163312995,343.6902654867259
Electricity,2018,294147.0,0.07884467265725288,370.8672566371684
Electricity,2019,300798.0,0.022611143407887894,379.2756005056893
Electricity,2020,288213.0,-0.04183870903396964,363.36536030341364
Electricity,2021,317966.0,0.10323267860922304,400.97977243994967
Electricity,2022,347973.0,0.0943717252788034,438.91529709228854
Financial services,2011,480226.0,,0.0
Financial services,2012,529792.0,0.1032139034537905,0.10321390345379045
Financial services,2013,577914.0,0.09083187364097609,0.20342088933127322
Financial services,2014,627255.0,0.08537775516772392,0.3061662633843232
Financial services,2015,672788.0,0.07259089206144231,0.4009820376239521
Financial services,2016,695983.0,0.034475941901460784,0.4492822129580658
Financial services,2017,728670.0,0.04696522759894997,0.5173480819447513
Financial services,2018,758170.0,0.04048471873413205,0.5787774922640592
Financial services,2019,784536.0,0.03477584182966881,0.6336808086192753
Financial services,2020,824294.0,0.05067708811322871,0.7164709949065653
Financial services,2021,831305.0,0.008505460430380422,0.7310703710336388
Financial services,2022,894603.0,0.07614293189623543,0.8628791444028443
Manufacturing,1950,25096.0,,0.0
Manufacturing,1951,25889.0,0.031598661141217725,0.03159866114121779
Manufacturing,1952,26789.0,0.03476379929699872,0.06746094995218366
Manufacturing,1953,28863.0,0.07741983650005599,0.15010360216767626
Manufacturing,1954,30885.0,0.07005508782870803,0.23067421102964625
Manufacturing,1955,33304.0,0.07832281042577303,0.3270640739560089
Manufacturing,1956,35804.0,0.07506605813115541,0.42668154287535875
Manufacturing,1957,37184.0,0.03854317953301307,0.4816703857188398
Manufacturing,1958,39026.0,0.049537435456110154,0.5550685368186168
Manufacturing,1959,41676.0,0.06790344898272946,0.6606630538731275
Manufacturing,1960,45134.0,0.08297341395527402,0.798453936882372
Manufacturing,1961,48988.0,0.08539017148934284,0.9520242269684414
Manufacturing,1962,52554.0,0.07279333714379031,1.0941185846350017
Manufacturing,1963,57525.0,0.09458842333599726,1.2921979598342368
Manufacturing,1964,61503.0,0.06915254237288136,1.450709276378706
Manufacturing,1965,62074.0,0.00928409996260345,1.4734619062798853
Manufacturing,1966,62563.0,0.00787769436479041,1.49294708320051
Manufacturing,1967,62804.0,0.0038521170659974744,1.5025502072043353
Manufacturing,1968,66283.0,0.055394560855996436,1.6411778769525025
Manufacturing,1969,73394.0,0.10728241027111024,1.924529805546701
Manufacturing,1970,75118.0,0.023489658555195247,1.9932260121134848
Manufacturing,1971,77573.0,0.03268191378897202,2.0910503665922864
Manufacturing,1972,80614.0,0.039201784125920104,2.212225055785783
Manufacturing,1973,84201.0,0.044495993251792494,2.3551562001912663
Manufacturing,1974,86655.0,0.02914454697687676,2.4529407076825
Manufacturing,1975,88482.0,0.02108360740868963,2.5257411539687604
Manufacturing,1976,96242.0,0.08770145340295202,2.8349537774944222
Manufacturing,1977,102232.0,0.06223893934041271,3.0736372330251847
Manufacturing,1978,114859.0,0.12351318569528132,3.5767851450430364
Manufacturing,1979,111159.0,-0.03221340948467251,3.4293512910423987
Manufacturing,1980,111376.0,0.0019521586196349374,3.4379980873445986
Manufacturing,1981,120475.0,0.08169623617296365,3.8005658272234637
Manufacturing,1982,124436.0,0.032878190495953516,3.958399744979281
Manufacturing,1983,137168.0,0.10231765726960043,4.465731590691745
Manufacturing,1984,142940.0,0.04207978537268167,4.69572840293274
Manufacturing,1985,147496.0,0.031873513362249896,4.877271278291363
Manufacturing,1986,155600.0,0.0549438628844172,5.200191265540327
Manufacturing,1987,164314.0,0.0560025706940874,5.547417915205612
Manufacturing,1988,178275.0,0.08496537117957083,6.103721708638829
Manufacturing,1989,194033.0,0.0883915299396999,6.731630538731273
Manufacturing,1990,203295.0,0.04773414831497735,7.10069333758368
Manufacturing,1991,198419.0,-0.02398484960279397,6.90639942620338
Manufacturing,1992,204551.0,0.030904298479480292,7.150741153968761
Manufacturing,1993,222124.0,0.08591011532576227,7.850972266496655
Manufacturing,1994,246161.0,0.10821433073418452,8.808774306662418
Manufacturing,1995,284221.0,0.1546142565231698,10.325350653490599
Manufacturing,1996,311226.0,0.0950140911473818,11.401418552757415
Manufacturing,1997,311385.0,0.000510882766863951,11.407754223780683
Manufacturing,1998,321137.0,0.03131814313470463,11.796342046541284
Manufacturing,1999,338458.0,0.05393648193761541,12.486531718202105
Manufacturing,2000,363163.0,0.07299280856118041,13.47095154606312
Manufacturing,2001,371408.0,0.022703304026015867,13.799489958559134
Manufacturing,2002,396912.0,0.06866841855856633,14.815747529486773
Manufacturing,2003,422062.0,0.06336417140323296,15.81789926681543
Manufacturing,2004,453225.0,0.0738351237495913,17.05965094038891
Manufacturing,2005,499020.0,0.10104252854542446,18.884443736053555
Manufacturing,2006,570458.0,0.14315658691034427,21.731032833917755
Manufacturing,2007,629073.0,0.10275077218655887,24.066664010200828
Manufacturing,2008,656302.0,0.043284324712712194,25.151657634682817
Manufacturing,2009,730435.0,0.11295562104031376,28.10563436404208
Manufacturing,2010,801476.0,0.09725848295878484,30.936404207841885
Manufacturing,2011,1409986.0,0.7592367082732359,55.183694612687276
Manufacturing,2012,1486873.0,0.05453032866993006,58.247409945808094
Manufacturing,2013,1560709.0,0.04965857877572597,61.189552119859734
Manufacturing,2014,1683938.0,0.07895706374474677,66.09985655084475
Manufacturing,2015,1903850.0,0.13059388172248623,74.86268728084157
Manufacturing,2016,2054764.0,0.079267799458991,80.87615556263947
Manufacturing,2017,2209428.0,0.0752709313575671,87.03905004781639
Manufacturing,2018,2328992.0,0.054115363795516305,91.80331526936564
Manufacturing,2019,2259706.0,-0.029749350792102336,89.04247688874722
Manufacturing,2020,2329160.0,0.03073585678844947,91.81000956327702
Manufacturing,2021,2561033.0,0.09955219907606176,101.04945011157157
Manufacturing,2022,2504663.0,-0.02201064960896638,98.80327542237808
Mining,1950,5138.0,,0.0
Mining,1951,5772.0,0.12339431685480731,0.12339431685480728
Mining,1952,5905.0,0.02304227304227304,0.14927987543791343
Mining,1953,5993.0,0.014902624894157494,0.16640716231996877
Mining,1954,6250.0,0.04288336392457868,0.21642662514597122
Mining,1955,6348.0,0.01568,0.23550019462826
Mining,1956,6671.0,0.05088216761184625,0.2983651226158037
Mining,1957,7105.0,0.06505771248688352,0.38283378746594
Mining,1958,7327.0,0.031245601688951442,0.42604126119112506
Mining,1959,7704.0,0.05145352804694964,0.4994161152199301
Mining,1960,8857.0,0.14966251298027,0.7238224990268589
Mining,1961,9367.0,0.05758157389635317,0.8230829116387703
Mining,1962,10479.0,0.11871463648980464,1.0395095367847418
Mining,1963,10789.0,0.029582975474759042,1.0998442973919818
Mining,1964,10945.0,0.014459171378255632,1.130206305955625
Mining,1965,12231.0,0.11749657377798081,1.3804982483456598
Mining,1966,12519.0,0.0235467255334805,1.4365511872323862
Mining,1967,12899.0,0.030353862129563064,1.5105099260412613
Mining,1968,13264.0,0.028296767191255137,1.5815492409497858
Mining,1969,13919.0,0.04938178528347407,1.7090307512650837
Mining,1970,12965.0,-0.0685394065665637,1.5233553912028026
Mining,1971,13308.0,0.02645584265329734,1.5901128843908134
Mining,1972,14094.0,0.059062218214607755,1.7430906967691704
Mining,1973,14271.0,0.012558535547041293,1.7775398987933042
Mining,1974,14979.0,0.04961109943241539,1.91533670688984
Mining,1975,16795.0,0.12123639762333935,2.268781627092253
Mining,1976,17391.0,0.03548675200952665,2.3847800700661725
Mining,1977,17936.0,0.03133804841584728,2.490852471778901
Mining,1978,18423.0,0.027152096342551293,2.5856364344102754
Mining,1979,18621.0,0.01074743527112848,2.6241728298949
Mining,1980,20891.0,0.12190537565114655,3.065978980147917
Mining,1981,23745.0,0.13661385285529654,3.6214480342545725
Mining,1982,26569.0,0.11893030111602443,4.171078240560528
Mining,1983,27338.0,0.02894350558922052,4.320747372518487
Mining,1984,27658.0,0.011705318604140756,4.383028415725961
Mining,1985,29167.0,0.054559259527080774,4.676722460101204
Mining,1986,32739.0,0.12246717180375082,5.37193460490463
Mining,1987,33974.0,0.037722593848315465,5.612300506033473
Mining,1988,39468.0,0.16171189733325483,6.681588166601786
Mining,1989,42466.0,0.07596027161244552,7.265083690151805
Mining,1990,46909.0,0.10462487637168559,8.129817049435571
Mining,1991,48484.0,0.03357564646443113,8.436356558972356
Mining,1992,48931.0,0.009219536341885983,8.523355391202795
Mining,1993,49611.0,0.013897120434898122,8.655702608018677
Mining,1994,54219.0,0.09288262683679023,9.552549630206297
Mining,1995,57400.0,0.05866947011195337,10.17166212534059
Mining,1996,57718.0,0.00554006968641115,10.233553912028018
Mining,1997,63380.0,0.098097647181122,11.335539120280254
Mining,1998,65171.0,0.028258125591669295,11.684118333982084
Mining,1999,67902.0,0.041905141857574685,12.215648112105868
Mining,2000,69472.0,0.023121557538805928,12.521214480342536
Mining,2001,70766.0,0.018626209120221095,12.773063448812758
Mining,2002,76721.0,0.08415058078738377,13.932074737251838
Mining,2003,78792.0,0.026993913009475894,14.335149863760206
Mining,2004,85028.0,0.07914509087216977,15.54885169326585
Mining,2005,86141.0,0.013089805711059886,15.765472946671842
Mining,2006,92578.0,0.07472632079961923,17.018295056442177
Mining,2007,95997.0,0.03693102032880382,17.68372907746203
Mining,2008,98055.0,0.02143816994281071,18.084274036590095
Mining,2009,103830.0,0.058895517821630716,19.20825223822497
Mining,2010,108938.0,0.04919580082827699,20.202413390424265
Mining,2011,261035.0,1.3961794782353265,49.804787855196516
Mining,2012,262609.0,0.006029842741394832,50.11113273647327
Mining,2013,263107.0,0.001896355418131138,50.2080576099649
Mining,2014,288685.0,0.09721520141995461,55.18625924484227
Mining,2015,317974.0,0.10145660495003204,60.886726352666315
Mining,2016,349248.0,0.0983539534678936,66.97353055663673
Mining,2017,329612.0,-0.056223657687374015,63.15181004281813
Mining,2018,326815.0,-0.008485734742667136,62.607434799532804
Mining,2019,317134.0,-0.029622263360004897,60.723238614246696
Mining,2020,291075.0,-0.08217031286459352,55.65142078629808
Mining,2021,309276.0,0.06253027570213862,59.19384974698317
Mining,2022,315256.0,0.019335480282983483,60.35772674192283
"Real estate, ownership of dwelling & professional services",2011,1050651.0,,0.0
"Real estate, ownership of dwelling & professional services",2012,1150239.0,0.09478694637895933,0.09478694637895924
"Real estate, ownership of dwelling & professional services",2013,1289493.0,0.12106527426039285,0.22732762829902597
"Real estate, ownership of dwelling & professional services",2014,1446460.0,0.12172768677301854,0.3767273814044816
"Real estate, ownership of dwelling & professional services",2015,1621999.0,0.12135765938912932,0.5438037940286544
"Real estate, ownership of dwelling & professional services",2016,1796983.0,0.10788169413174731,0.7103519627354848
"Real estate, ownership of dwelling & professional services",2017,1808521.0,0.006420761910379787,0.72133372547116
"Real estate, ownership of dwelling & professional services",2018,1956051.0,0.0815749443882598,0.861751428400106
"Real estate, ownership of dwelling & professional services",2019,2113708.0,0.08059963671703857,1.011807917186582
"Real estate, ownership of dwelling & professional services",2020,2129836.0,0.007630193006791856,1.0271583998873077
"Real estate, ownership of dwelling & professional services",2021,2291542.0,0.07592415566268952,1.18106868979328
"Real estate, ownership of dwelling & professional services",2022,2510871.0,0.09571240675492747,1.3898240233912111
Trade,1950,23453.0,,0.0
Trade,1951,23993.0,0.02302477295015563,0.023024772950155592
Trade,1952,24834.0,0.0350518901346226,0.05888372489660165
Trade,1953,25777.0,0.03797213497624225,0.09909180062252165
Trade,1954,27575.0,0.06975210458936261,0.17575576685285466
Trade,1955,29610.0,0.07379873073436083,0.26252505010020033
Trade,1956,31703.0,0.0706855791962175,0.35176736451626667
Trade,1957,32377.0,0.02125981768286913,0.380505692235535
Trade,1958,33732.0,0.041850696482070605,0.4382808169530552
Trade,1959,35857.0,0.06299656112889837,0.5288875623587601
Trade,1960,39138.0,0.09150235658309396,0.6687843772651687
Trade,1961,41642.0,0.06397874188767949,0.7755511022044086
Trade,1962,43825.0,0.052423034436386344,0.8686308787788339
Trade,1963,47035.0,0.07324586423274387,1.0055003624269814
Trade,1964,50489.0,0.07343467630487935,1.152773632371125
Trade,1965,50810.0,0.006357820515359781,1.16646058073594
Trade,1966,52049.0,0.02438496358984452,1.2192896431160194
Trade,1967,53943.0,0.03638878748871256,1.3000469023152688
Trade,1968,56274.0,0.04321227962849675,1.399437172216774
Trade,1969,59278.0,0.05338166826598429,1.5275231313691209
Trade,1970,62463.0,0.053729882924525116,1.663326653306613
Trade,1971,63683.0,0.019531562685109586,1.715345584786594
Trade,1972,63920.0,0.0037215583436709956,1.7254509018036064
Trade,1973,66623.0,0.04228723404255319,1.8407026819596632
Trade,1974,69666.0,0.045674917070681297,1.970451541380633
Trade,1975,76183.0,0.0935463497258347,2.2483264401142704
Trade,1976,78770.0,0.033957707100009185,2.3586321579328864
Trade,1977,85345.0,0.08347086454233846,2.6389800878352445
Trade,1978,92786.0,0.08718729861151796,2.9562529313947037
Trade,1979,89788.0,-0.032310908973336494,2.828422803052914
Trade,1980,94462.0,0.05205595402503675,3.027715004477039
Trade,1981,99844.0,0.05697529165166945,3.257195241546923
Trade,1982,105915.0,0.060804855574696524,3.516053383362469
Trade,1983,111390.0,0.051692394844922815,3.7494989979959916
Trade,1984,116250.0,0.04363048747643415,3.956721954547392
Trade,1985,125743.0,0.08166021505376345,4.3614889353174435
Trade,1986,132958.0,0.05737893958311795,4.669125485012578
Trade,1987,138775.0,0.0437506581025587,4.917153455847865
Trade,1988,147994.0,0.0664312736443884,5.310237496269133
Trade,1989,159689.0,0.07902347392461856,5.808894384513707
Trade,1990,168053.0,0.0523768074194215,6.165522534430561
Trade,1991,169009.0,0.005688681546892944,6.206284910246021
Trade,1992,179185.0,0.06020981131182363,6.640173964951176
Trade,1993,191763.0,0.07019560789128554,7.176480620816097
Trade,1994,211586.0,0.103372391962996,8.02170298042894
Trade,1995,242937.0,0.14817142911156692,9.358461604059178
Trade,1996,262668.0,0.08121858753503995,10.19976122457681
Trade,1997,282804.0,0.07665950934259216,11.058329424807056
Trade,1998,304722.0,0.07750243985233589,11.992879375772816
Trade,1999,326886.0,0.07273514875854058,12.937918389971426
Trade,2000,343751.0,0.05159291006650637,13.657016159979527
Trade,2001,376885.0,0.09638953777589011,15.069799172813706
Trade,2002,402759.0,0.06865224139989652,16.17302690487357
Trade,2003,443336.0,0.10074759347401299,17.90316803820406
Trade,2004,477303.0,0.0766168323799556,19.351468895237275
Trade,2005,535397.0,0.12171304182039501,21.82850807998976
Trade,2006,594918.0,0.11117170996475513,24.36639235918645
Trade,2007,655013.0,0.1010139212462894,26.92875111925979
Trade,2008,692224.0,0.056809559504925854,28.51537116786764
Trade,2009,747019.0,0.07915790264423077,30.851746045282045
Trade,2010,832583.0,0.11454059401434234,34.50006395770263
Trade,2011,883582.0,0.06125395305933463,36.67458320897112
Trade,2012,981620.0,0.11095518016437637,40.8547733765403
Trade,2013,1034506.0,0.05387624539027322,43.109751417729065
Trade,2014,1135841.0,0.09795496594509844,47.43052061569947
Trade,2015,1261426.0,0.11056565135437091,52.78527267300557
Trade,2016,1389322.0,0.10139001415857926,58.23856223084466
Trade,2017,1568175.0,0.1287340155845801,65.86458022427834
Trade,2018,1707781.0,0.08902450300508553,71.8171662473884
Trade,2019,1828868.0,0.07090311931096552,76.98013047371339
Trade,2020,1438477.0,-0.21346045750704806,60.334456146335235
Trade,2021,1614780.0,0.12256226550719963,67.85174604528207
Trade,2022,1838718.0,0.13868019172890425,77.40011938771161
"community, social & personal services",1950,28474.0,,0.0
"community, social & personal services",1951,29329.0,0.030027393411533328,0.030027393411533376
"community, social & personal services",1952,29934.0,0.020628047325173038,0.05127484722905096
"community, social & personal services",1953,30860.0,0.03093472305739293,0.08379574348528473
"community, social & personal services",1954,31967.0,0.03587167854828257,0.12267331600758591
"community, social & personal services",1955,32955.0,0.03090687271248475,0.15737163728313552
"community, social & personal services",1956,34219.0,0.03835533302988924,0.2017630118704783
"community, social & personal services",1957,35765.0,0.04517957859668605,0.25605815831987067
"community, social & personal services",1958,37233.0,0.041045715084579895,0.3076139636159303
"community, social & personal services",1959,38834.0,0.04299948969999731,0.36384069677600595
"community, social & personal services",1960,40741.0,0.04910645310810115,0.4308140759991568
"community, social & personal services",1961,42656.0,0.04700424633661422,0.4980684132893163
"community, social & personal services",1962,45686.0,0.07103338334583646,0.6044812811687854
"community, social & personal services",1963,48684.0,0.06562185352186665,0.7097703167802205
"community, social & personal services",1964,51894.0,0.0659354202612768,0.8225047411673807
"community, social & personal services",1965,53950.0,0.03961922380236636,0.8947109643885647
"community, social & personal services",1966,56438.0,0.04611677479147359,0.982088923228208
"community, social & personal services",1967,58659.0,0.03935291824657146,1.0600899065814424
"community, social & personal services",1968,61272.0,0.0445455940264921,1.1518578352180935
"community, social & personal services",1969,64655.0,0.055212821517169344,1.2706679778043126
"community, social & personal services",1970,68218.0,0.055107880287680766,1.395799676898223
"community, social & personal services",1971,71264.0,0.044650971884253425,1.5027744609117089
"community, social & personal services",1972,73594.0,0.03269533004041311,1.5846034979279344
"community, social & personal services",1973,75541.0,0.026455961083784004,1.6529816674861277
"community, social & personal services",1974,79120.0,0.047378244926596154,1.778675282714055
"community, social & personal services",1975,81914.0,0.03531344792719919,1.8767998876167735
"community, social & personal services",1976,84190.0,0.027785238176624264,1.9567324576806917
"community, social & personal services",1977,86450.0,0.026844043235538663,2.0361031116105925
"community, social & personal services",1978,90186.0,0.04321573163678427,2.1673105289035615
"community, social & personal services",1979,96779.0,0.07310447297806755,2.3988550958769412
"community, social & personal services",1980,101666.0,0.05049649200756363,2.5704853550607583
"community, social & personal services",1981,103842.0,0.02140341903881337,2.6469059492870697
"community, social & personal services",1982,111849.0,0.07710752874559426,2.928109854604201
"community, social & personal services",1983,116027.0,0.03735393253404143,3.07484020509939
"community, social & personal services",1984,124065.0,0.06927697863428339,3.3571328229261788
"community, social & personal services",1985,131184.0,0.05738121146173377,3.607150382805367
"community, social & personal services",1986,141043.0,0.07515398219295036,3.953396080634966
"community, social & personal services",1987,151240.0,0.07229710088412754,4.311512256795674
"community, social & personal services",1988,160385.0,0.06046680772282465,4.632682447144765
"community, social & personal services",1989,173022.0,0.07879165757396266,5.076490833743065
"community, social & personal services",1990,180564.0,0.04358983250684884,5.341364051415328
"community, social & personal services",1991,185232.0,0.025852329367980327,5.5053030835147885
"community, social & personal services",1992,196332.0,0.05992485099766779,5.8951324014890805
"community, social & personal services",1993,205101.0,0.04466414033372043,6.203097562688772
"community, social & personal services",1994,209742.0,0.022627876022057427,6.366088361312078
"community, social & personal services",1995,225157.0,0.07349505583049651,6.90745943667908
"community, social & personal services",1996,243288.0,0.08052603294589997,7.544215775795466
"community, social & personal services",1997,263486.0,0.08302094636809049,8.253564655475174
"community, social & personal services",1998,289085.0,0.09715506706238662,9.152595350143995
"community, social & personal services",1999,323800.0,0.12008578791704862,10.371777762169001
"community, social & personal services",2000,338723.0,0.04608709079678814,10.89586991641498
"community, social & personal services",2001,352267.0,0.039985474857036574,11.371531923860369
"community, social & personal services",2002,365724.0,0.03820113720558554,11.84413851232704
"community, social & personal services",2003,384998.0,0.05270094388117816,12.521036735267266
"community, social & personal services",2004,411361.0,0.0684756803931449,13.4468989253354
"community, social & personal services",2005,440426.0,0.07065570143985453,14.467654702535654
"community, social & personal services",2006,452823.0,0.028147747862296957,14.903034347123699
"community, social & personal services",2007,483917.0,0.06866700675539891,15.995048114068982
"community, social & personal services",2008,544497.0,0.1251867572331619,18.122603076490844
"community, social & personal services",2009,608369.0,0.11730459488298374,20.365772283486702
"community, social & personal services",2010,634358.0,0.04271913920663282,21.27849968392219
"community, social & personal services",2011,491155.0,-0.22574476872680727,16.249244925194926
"community, social & personal services",2012,501383.0,0.020824383341307734,16.608449813865292
"community, social & personal services",2013,510046.0,0.017278208475357163,16.91269228067712
"community, social & personal services",2014,543853.0,0.06628225689447619,18.09998595209666
"community, social & personal services",2015,565106.0,0.039078574541282295,18.846386176863113
"community, social & personal services",2016,614238.0,0.0869429806089477,20.57189014539581
"community, social & personal services",2017,676507.0,0.10137601385782058,22.758762379714838
"community, social & personal services",2018,722773.0,0.06838953625017923,24.38361312074174
"community, social & personal services",2019,762531.0,0.05500758882802761,25.77990447425723
"community, social & personal services",2020,757886.0,-0.0060915556220009414,25.61677319660042
"community, social & personal services",2021,780846.0,0.030294793676093765,26.42312284891481
"community, social & personal services",2022,828314.0,0.06079047597093409,28.090187539509742
"financing, business and real estate",1950,23325.0,,0.0
"financing, business and real estate",1951,23863.0,0.023065380493033225,0.023065380493033194
"financing, business and real estate",1952,24863.0,0.0419058793948791,0.06593783494105021
"financing, business and real estate",1953,25219.0,0.014318465189237019,0.08120042872454425
"financing, business and real estate",1954,26140.0,0.03652008406360284,0.12068595927116799
"financing, business and real estate",1955,27190.0,0.04016832440703902,0.165702036441586
"financing, business and real estate",1956,27635.0,0.01636631114380287,0.1847802786709536
"financing, business and real estate",1957,28679.0,0.03777817984440022,0.22953912111468333
"financing, business and real estate",1958,29492.0,0.028348268768088148,0.26439442658092105
"financing, business and real estate",1959,30619.0,0.038213752882137526,0.3127116827438363
"financing, business and real estate",1960,31252.0,0.020673438061334464,0.3398499464094311
"financing, business and real estate",1961,32596.0,0.043005247664149496,0.3974705251875663
"financing, business and real estate",1962,33693.0,0.03365443612713216,0.44450160771704117
"financing, business and real estate",1963,34735.0,0.030926305167245424,0.4891747052518751
"financing, business and real estate",1964,35688.0,0.027436303440333955,0.5300321543408355
"financing, business and real estate",1965,36766.0,0.030206231786594935,0.5762486602357981
"financing, business and real estate",1966,37412.0,0.017570581515530655,0.6039442658092173
"financing, business and real estate",1967,38431.0,0.027237250080188177,0.6476312968917466
"financing, business and real estate",1968,40305.0,0.048762717597772634,0.7279742765273309
"financing, business and real estate",1969,41980.0,0.04155811934003226,0.7997856377277597
"financing, business and real estate",1970,43735.0,0.04180562172463077,0.8750267952840298
"financing, business and real estate",1971,45989.0,0.05153767005830571,0.9716613076098604
"financing, business and real estate",1972,47767.0,0.03866141903498663,1.0478885316184345
"financing, business and real estate",1973,48936.0,0.024472962505495424,1.0980064308681663
"financing, business and real estate",1974,48779.0,-0.003208272028772274,1.0912754555198276
"financing, business and real estate",1975,52142.0,0.06894360277988479,1.2354555198285095
"financing, business and real estate",1976,56277.0,0.07930267346860496,1.4127331189710604
"financing, business and real estate",1977,59032.0,0.04895427972351049,1.5308467309753477
"financing, business and real estate",1978,63203.0,0.0706565930342865,1.7096677384780268
"financing, business and real estate",1979,63818.0,0.009730550764995332,1.7360342979635575
"financing, business and real estate",1980,65041.0,0.019163872261744336,1.7884673097534827
"financing, business and real estate",1981,70326.0,0.08125643824664443,2.0150482315112535
"financing, business and real estate",1982,77029.0,0.09531325541051673,2.302422293676312
"financing, business and real estate",1983,84585.0,0.09809292604084176,2.62636655948553
"financing, business and real estate",1984,90907.0,0.0747413844062186,2.8974062165058942
"financing, business and real estate",1985,99783.0,0.09763824567965063,3.277942122186495
"financing, business and real estate",1986,110295.0,0.10534860647605304,3.7286173633440516
"financing, business and real estate",1987,118383.0,0.07333061335509317,4.075369774919615
"financing, business and real estate",1988,129934.0,0.09757313127729488,4.570589496248662
"financing, business and real estate",1989,146088.0,0.12432465713362169,5.26315112540193
"financing, business and real estate",1990,155165.0,0.062133782377744924,5.652304394426583
"financing, business and real estate",1991,171956.0,0.10821383688331776,6.37217577706324
"financing, business and real estate",1992,181320.0,0.054455791016306494,6.773633440514473
"financing, business and real estate",1993,201568.0,0.11166997573350981,7.641714898177925
"financing, business and real estate",1994,209401.0,0.038860334973805366,7.9775348338692424
"financing, business and real estate",1995,226348.0,0.08093084560245653,8.704094319399788
"financing, business and real estate",1996,240354.0,0.06187816989767968,9.304565916398715
"financing, business and real estate",1997,268495.0,0.11708147149620976,10.511039657020367
"financing, business and real estate",1998,289440.0,0.0780089014693011,11.409003215434087
"financing, business and real estate",1999,327111.0,0.13015132669983417,13.024051446945341
"financing, business and real estate",2000,338661.0,0.03530911525445491,13.51922829581994
"financing, business and real estate",2001,359684.0,0.0620768260886255,14.420535905680604
"financing, business and real estate",2002,385661.0,0.0722217279612104,15.534233654876743
"financing, business and real estate",2003,406098.0,0.05299213558021164,16.41041800643087
"financing, business and real estate",2004,437174.0,0.07652340075548267,17.742722400857453
"financing, business and real estate",2005,492340.0,0.12618774218045903,20.10782422293677
"financing, business and real estate",2006,561063.0,0.13958443352155014,23.054147909967853
"financing, business and real estate",2007,628124.0,0.119524901838118,25.92921757770633
"financing, business and real estate",2008,703629.0,0.12020715654870694,29.16630225080386
"financing, business and real estate",2009,771905.0,0.09703409040843967,32.09346195069668
"financing, business and real estate",2010,849632.0,0.1006950337152888,35.42580921757771
"financing, business and real estate",2011,948808.0,0.11672818349591353,39.677727759914255
"transport, storage & communication",1950,7339.0,,0.0
"transport, storage & communication",1951,7615.0,0.03760730344733615,0.03760730344733609
"transport, storage & communication",1952,7807.0,0.02521339461588969,0.06376890584548289
"transport, storage & communication",1953,8084.0,0.03548097860894069,0.10151246763864274
"transport, storage & communication",1954,8490.0,0.050222662048490845,0.15683335604305748
"transport, storage & communication",1955,9090.0,0.0706713780918728,0.23858836353726653
"transport, storage & communication",1956,9834.0,0.08184818481848184,0.3399645728300855
"transport, storage & communication",1957,10454.0,0.06304657311368721,0.42444474724076797
"transport, storage & communication",1958,11233.0,0.07451693131815573,0.5305899986374161
"transport, storage & communication",1959,11921.0,0.0612481082524704,0.6243357405641092
"transport, storage & communication",1960,12741.0,0.06878617565640466,0.7360675841395283
"transport, storage & communication",1961,13617.0,0.06875441488109253,0.8554298950810735
"transport, storage & communication",1962,14678.0,0.0779173092457957,0.9999999999999996
"transport, storage & communication",1963,15615.0,0.06383703501839488,1.127674070036789
"transport, storage & communication",1964,16401.0,0.050336215177713736,1.234773129854203
"transport, storage & communication",1965,17269.0,0.052923602219376864,1.3530453740291586
"transport, storage & communication",1966,17813.0,0.03150153454166425,1.4271699141572416
"transport, storage & communication",1967,18909.0,0.06152809745691349,1.5765090611799968
"transport, storage & communication",1968,19881.0,0.05140409328891004,1.7089521733206152
"transport, storage & communication",1969,20997.0,0.05613399728383884,1.8610164872598438
"transport, storage & communication",1970,21742.0,0.035481259227508694,1.9625289548984868
"transport, storage & communication",1971,22438.0,0.03201177444577316,2.057364763591769
"transport, storage & communication",1972,24071.0,0.07277832248863535,2.2798746423218414
"transport, storage & communication",1973,25063.0,0.04121141622699514,2.4150429213789337
"transport, storage & communication",1974,27510.0,0.09763396241471492,2.7484670936094826
"transport, storage & communication",1975,29797.0,0.0831334060341694,3.0600899305082425
"transport, storage & communication",1976,31927.0,0.07148370641339732,3.3503202071126843
"transport, storage & communication",1977,32739.0,0.025433019074764307,3.4609619839215133
"transport, storage & communication",1978,34987.0,0.0686642841870552,3.7672707453331498
"transport, storage & communication",1979,36964.0,0.056506702489496095,4.0366534950265685
"transport, storage & communication",1980,39445.0,0.06711935937669083,4.3747104510151225
"transport, storage & communication",1981,42213.0,0.07017365952592217,4.7518735522550735
"transport, storage & communication",1982,43989.0,0.04207234738113851,4.993868374437931
"transport, storage & communication",1983,46155.0,0.04923958262292846,5.289003951492025
"transport, storage & communication",1984,48787.0,0.05702524103564077,5.647635917699954
"transport, storage & communication",1985,52452.0,0.07512247115010146,6.147022755143748
"transport, storage & communication",1986,55930.0,0.06630824372759857,6.620929281918513
"transport, storage & communication",1987,59803.0,0.06924727337743608,7.1486578552936315
"transport, storage & communication",1988,62411.0,0.043609852348544385,7.5040196212017936
"transport, storage & communication",1989,66385.0,0.06367467273397318,8.045510287505104
"transport, storage & communication",1990,69683.0,0.04967989756722151,8.494890312031606
"transport, storage & communication",1991,74169.0,0.0643772512664495,9.106145251396642
"transport, storage & communication",1992,77712.0,0.047769283662985884,9.588908570649947
"transport, storage & communication",1993,82919.0,0.06700380893555692,10.298405777353857
"transport, storage & communication",1994,90411.0,0.09035323629083805,11.31925330426488
"transport, storage & communication",1995,99598.0,0.10161374169072347,12.571058727347042
"transport, storage & communication",1996,107532.0,0.07966023414124782,13.652132443112132
"transport, storage & communication",1997,115305.0,0.0722854592121415,14.71126856519961
"transport, storage & communication",1998,123891.0,0.07446337973201508,15.881182722441743
"transport, storage & communication",1999,150719.0,0.2165451889160633,19.536721624199473
"transport, storage & communication",2000,164548.0,0.09175352808869486,21.421038288595163
"transport, storage & communication",2001,175233.0,0.06493545956195153,22.8769587137212
"transport, storage & communication",2002,195137.0,0.11358591132948703,25.58904482899576
"transport, storage & communication",2003,221300.0,0.13407503446296704,29.153971930780745
"transport, storage & communication",2004,250417.0,0.13157252598282873,33.12140618612888
"transport, storage & communication",2005,280010.0,0.11817488429299927,37.15369941408909
"transport, storage & communication",2006,315166.0,0.12555265883361308,41.94399781986644
"transport, storage & communication",2007,354507.0,0.12482628202280703,47.3045374029159
"transport, storage & communication",2008,392901.0,0.10830251588826173,52.536040332470336
"transport, storage & communication",2009,450872.0,0.14754607394738115,60.435072898214976
"transport, storage & communication",2010,513077.0,0.13796598591174436,68.91102330017709
"transport, storage & communication",2011,529534.0,0.032075107634916396,71.15342689739742
"transport, storage & communication",2012,569523.0,0.07551734166266943,76.60226188854062
"transport, storage & communication",2013,617556.0,0.08433899947851096,83.14715901348951
"transport, storage & communication",2014,671848.0,0.08791429441216667,90.54489712494883
"transport, storage & communication",2015,731399.0,0.08863760850668603,98.65921787709489
"transport, storage & communication",2016,757056.0,0.0350793479345747,102.1551982558931
"transport, storage & communication",2017,800245.0,0.05704861991715276,108.04005995367207
"transport, storage & communication",2018,830977.0,0.038403239008053786,112.22755143752545
"transport, storage & communication",2019,861192.0,0.03636081383720608,116.34459735658798
"transport, storage & communication",2020,715411.0,-0.1692781632899516,96.48071944406585
"transport, storage & communication",2021,865601.0,0.20993526797882617,116.9453604033246
"transport, storage & communication",2022,939005.0,0.08480119593207494,126.94726802016612
